{"final_train_loss": 0.0018872477812692523, "final_val_loss": 0.0018481588922441006, "final_train_acc": 1.0, "final_val_acc": 1.0, "step_val_acc_99": 2100}