{"final_train_loss": 0.04784657433629036, "final_val_loss": 2.2266764640808105, "final_train_acc": 0.9986328482627869, "final_val_acc": 0.378662109375, "step_val_acc_99": 7500}