{"final_train_loss": 0.6388429999351501, "final_val_loss": 5.696557998657227, "final_train_acc": 0.874804675579071, "final_val_acc": 0.030517578125, "step_val_acc_99": 7500}