{"final_train_loss": 0.00406585494056344, "final_val_loss": 0.0041835373267531395, "final_train_acc": 1.0, "final_val_acc": 1.0, "step_val_acc_99": 1890}