{"x_div_y": {"means": {"final_train_loss_mean": 0.015530612785369158, "final_val_loss_mean": 0.012228705609838167, "final_train_acc_mean": 0.9998698035875956, "final_val_acc_mean": 0.9999186197916666, "step_val_acc_99_mean": 2860.0}, "stderrs": {"final_train_loss_stderr": 0.005702741559568659, "final_val_loss_stderr": 0.004029735154301645, "final_train_acc_stderr": 6.137517739819746e-05, "final_val_acc_stderr": 3.836299811124932e-05, "step_val_acc_99_stderr": 125.10736130161108}, "final_info_dict": {"final_train_loss": [0.003935012500733137, 0.002938373014330864, 0.03971845284104347], "final_val_loss": [0.004326815251260996, 0.003049782942980528, 0.02930951863527298], "final_train_acc": [1.0, 1.0, 0.9996094107627869], "final_val_acc": [1.0, 1.0, 0.999755859375], "step_val_acc_99": [2570, 3390, 2620]}}, "x_minus_y": {"means": {"final_train_loss_mean": 0.004523939841116468, "final_val_loss_mean": 0.005005215527489781, "final_train_acc_mean": 1.0, "final_val_acc_mean": 1.0, "step_val_acc_99_mean": 3246.6666666666665}, "stderrs": {"final_train_loss_stderr": 0.0006210925234638946, "final_val_loss_stderr": 0.0007829373776321906, "final_train_acc_stderr": 0.0, "final_val_acc_stderr": 0.0, "step_val_acc_99_stderr": 120.56451579604924}, "final_info_dict": {"final_train_loss": [0.007146396674215794, 0.002989675384014845, 0.003435747465118766], "final_val_loss": [0.008318374864757061, 0.003142216242849827, 0.0035550554748624563], "final_train_acc": [1.0, 1.0, 1.0], "final_val_acc": [1.0, 1.0, 1.0], "step_val_acc_99": [3150, 3730, 2860]}}, "x_plus_y": {"means": {"final_train_loss_mean": 0.0025301330412427583, "final_val_loss_mean": 0.0025624458600456515, "final_train_acc_mean": 1.0, "final_val_acc_mean": 1.0, "step_val_acc_99_mean": 2060.0}, "stderrs": {"final_train_loss_stderr": 0.0003635677365236484, "final_val_loss_stderr": 0.00038299201302178886, "final_train_acc_stderr": 0.0, "final_val_acc_stderr": 0.0, "step_val_acc_99_stderr": 41.899350299921785}, "final_info_dict": {"final_train_loss": [0.0016372964018955827, 0.0018872477812692523, 0.00406585494056344], "final_val_loss": [0.0016556413611397147, 0.0018481588922441006, 0.0041835373267531395], "final_train_acc": [1.0, 1.0, 1.0], "final_val_acc": [1.0, 1.0, 1.0], "step_val_acc_99": [2190, 2100, 1890]}}, "permutation": {"means": {"final_train_loss_mean": 0.23271652683615685, "final_val_loss_mean": 4.864072958628337, "final_train_acc_mean": 0.957812507947286, "final_val_acc_mean": 0.14322916666666666, "step_val_acc_99_mean": 7500.0}, "stderrs": {"final_train_loss_stderr": 0.09585290802921866, "final_val_loss_stderr": 0.6355690646381708, "final_train_acc_stderr": 0.019566018258838826, "final_val_acc_stderr": 0.05550879258759848, "step_val_acc_99_stderr": 0.0}, "final_info_dict": {"final_train_loss": [0.6388429999351501, 0.01146000623703003, 0.04784657433629036], "final_val_loss": [5.696557998657227, 6.668984413146973, 2.2266764640808105], "final_train_acc": [0.874804675579071, 1.0, 0.9986328482627869], "final_val_acc": [0.030517578125, 0.0205078125, 0.378662109375], "step_val_acc_99": [7500, 7500, 7500]}}}