{"final_train_loss": 0.002989675384014845, "final_val_loss": 0.003142216242849827, "final_train_acc": 1.0, "final_val_acc": 1.0, "step_val_acc_99": 3730}