{"final_train_loss": 0.03971845284104347, "final_val_loss": 0.02930951863527298, "final_train_acc": 0.9996094107627869, "final_val_acc": 0.999755859375, "step_val_acc_99": 2620}