{"final_train_loss": 0.0016372964018955827, "final_val_loss": 0.0016556413611397147, "final_train_acc": 1.0, "final_val_acc": 1.0, "step_val_acc_99": 2190}