{"final_train_loss": 0.007146396674215794, "final_val_loss": 0.008318374864757061, "final_train_acc": 1.0, "final_val_acc": 1.0, "step_val_acc_99": 3150}