{"final_train_loss": 0.003935012500733137, "final_val_loss": 0.004326815251260996, "final_train_acc": 1.0, "final_val_acc": 1.0, "step_val_acc_99": 2570}