{"final_train_loss": 0.01146000623703003, "final_val_loss": 6.668984413146973, "final_train_acc": 1.0, "final_val_acc": 0.0205078125, "step_val_acc_99": 7500}