{"final_train_loss": 0.002938373014330864, "final_val_loss": 0.003049782942980528, "final_train_acc": 1.0, "final_val_acc": 1.0, "step_val_acc_99": 3390}