{"final_train_loss": 0.003435747465118766, "final_val_loss": 0.0035550554748624563, "final_train_acc": 1.0, "final_val_acc": 1.0, "step_val_acc_99": 2860}