{"final_train_loss": 0.0023574084043502808, "final_val_loss": 0.002602743450552225, "final_train_acc": 1.0, "final_val_acc": 1.0, "step_val_acc_99": 2710}