{"final_train_loss": 0.0232571791857481, "final_val_loss": 0.019332824274897575, "final_train_acc": 0.9994140863418579, "final_val_acc": 0.99951171875, "step_val_acc_99": 1740}