{"final_train_loss": 0.00015690508007537574, "final_val_loss": 0.005599993746727705, "final_train_acc": 1.0, "final_val_acc": 1.0, "step_val_acc_99": 7240}