{"final_train_loss": 0.0028144596144557, "final_val_loss": 0.0031900554895401, "final_train_acc": 1.0, "final_val_acc": 1.0, "step_val_acc_99": 2180}