{"final_train_loss": 0.03386448323726654, "final_val_loss": 0.02174556441605091, "final_train_acc": 0.9996094107627869, "final_val_acc": 1.0, "step_val_acc_99": 5560}