{"final_train_loss": 0.0033333536703139544, "final_val_loss": 0.0037104065995663404, "final_train_acc": 1.0, "final_val_acc": 1.0, "step_val_acc_99": 1780}