{"final_train_loss": 0.0018806221196427941, "final_val_loss": 0.0020754768047481775, "final_train_acc": 1.0, "final_val_acc": 1.0, "step_val_acc_99": 1710}