{"final_train_loss": 0.0031815224792808294, "final_val_loss": 0.003761980216950178, "final_train_acc": 1.0, "final_val_acc": 1.0, "step_val_acc_99": 3320}