{"x_div_y": {"means": {"final_train_loss_mean": 0.0020216573417807617, "final_val_loss_mean": 0.002265209642549356, "final_train_acc_mean": 1.0, "final_val_acc_mean": 1.0, "step_val_acc_99_mean": 2500.0}, "stderrs": {"final_train_loss_stderr": 0.0002731772487996064, "final_val_loss_stderr": 0.00030809277736751215, "final_train_acc_stderr": 0.0, "final_val_acc_stderr": 0.0, "step_val_acc_99_stderr": 76.6425082710246}, "final_info_dict": {"final_train_loss": [0.0023574084043502808, 0.000893104006536305, 0.0028144596144557], "final_val_loss": [0.002602743450552225, 0.0010028299875557423, 0.0031900554895401], "final_train_acc": [1.0, 1.0, 1.0], "final_val_acc": [1.0, 1.0, 1.0], "step_val_acc_99": [2710, 2610, 2180]}}, "x_minus_y": {"means": {"final_train_loss_mean": 0.11536686099134386, "final_val_loss_mean": 0.06301344698294997, "final_train_acc_mean": 0.9897135496139526, "final_val_acc_mean": 0.9977213541666666, "step_val_acc_99_mean": 3300.0}, "stderrs": {"final_train_loss_stderr": 0.052546220523215705, "final_val_loss_stderr": 0.02702419022562685, "final_train_acc_stderr": 0.00484907921487538, "final_val_acc_stderr": 0.001074163947114981, "step_val_acc_99_stderr": 41.09609335312651}, "final_info_dict": {"final_train_loss": [0.00461901118978858, 0.0031815224792808294, 0.33830004930496216], "final_val_loss": [0.007632766850292683, 0.003761980216950178, 0.17764559388160706], "final_train_acc": [1.0, 1.0, 0.9691406488418579], "final_val_acc": [1.0, 1.0, 0.9931640625], "step_val_acc_99": [3440, 3320, 3140]}}, "x_plus_y": {"means": {"final_train_loss_mean": 0.009490384991901616, "final_val_loss_mean": 0.008372902559737364, "final_train_acc_mean": 0.999804695447286, "final_val_acc_mean": 0.9998372395833334, "step_val_acc_99_mean": 1743.3333333333333}, "stderrs": {"final_train_loss_stderr": 0.0032508810660014736, "final_val_loss_stderr": 0.002592841453785521, "final_train_acc_stderr": 9.206744908046408e-05, "final_val_acc_stderr": 7.672599622249864e-05, "step_val_acc_99_stderr": 9.558139185602919}, "final_info_dict": {"final_train_loss": [0.0033333536703139544, 0.0018806221196427941, 0.0232571791857481], "final_val_loss": [0.0037104065995663404, 0.0020754768047481775, 0.019332824274897575], "final_train_acc": [1.0, 1.0, 0.9994140863418579], "final_val_acc": [1.0, 1.0, 0.99951171875], "step_val_acc_99": [1780, 1710, 1740]}}, "permutation": {"means": {"final_train_loss_mean": 0.012357475716271438, "final_val_loss_mean": 0.011122144913921753, "final_train_acc_mean": 0.9998698035875956, "final_val_acc_mean": 1.0, "step_val_acc_99_mean": 6190.0}, "stderrs": {"final_train_loss_stderr": 0.0050845265042220944, "final_val_loss_stderr": 0.002504618948297195, "final_train_acc_stderr": 6.137517739819746e-05, "final_val_acc_stderr": 0.0, "step_val_acc_99_stderr": 249.1318258807306}, "final_info_dict": {"final_train_loss": [0.03386448323726654, 0.00015690508007537574, 0.003051038831472397], "final_val_loss": [0.02174556441605091, 0.005599993746727705, 0.006020876578986645], "final_train_acc": [0.9996094107627869, 1.0, 1.0], "final_val_acc": [1.0, 1.0, 1.0], "step_val_acc_99": [5560, 7240, 5770]}}}