{"final_train_loss": 0.33830004930496216, "final_val_loss": 0.17764559388160706, "final_train_acc": 0.9691406488418579, "final_val_acc": 0.9931640625, "step_val_acc_99": 3140}