{"final_train_loss": 0.00461901118978858, "final_val_loss": 0.007632766850292683, "final_train_acc": 1.0, "final_val_acc": 1.0, "step_val_acc_99": 3440}