{"final_train_loss": 0.000893104006536305, "final_val_loss": 0.0010028299875557423, "final_train_acc": 1.0, "final_val_acc": 1.0, "step_val_acc_99": 2610}