{"final_train_loss": 0.003051038831472397, "final_val_loss": 0.006020876578986645, "final_train_acc": 1.0, "final_val_acc": 1.0, "step_val_acc_99": 5770}