{"final_train_loss": 0.008988670073449612, "final_val_loss": 7.631545066833496, "final_train_acc": 1.0, "final_val_acc": 0.008544921875, "step_val_acc_99": 7500}