{"final_train_loss": 0.009967157617211342, "final_val_loss": 0.011157536879181862, "final_train_acc": 1.0, "final_val_acc": 1.0, "step_val_acc_99": 3680}