{"x_div_y": {"means": {"final_train_loss_mean": 0.014743209350854158, "final_val_loss_mean": 0.01735877680281798, "final_train_acc_mean": 1.0, "final_val_acc_mean": 1.0, "step_val_acc_99_mean": 4456.666666666667}, "stderrs": {"final_train_loss_stderr": 0.001812428233134108, "final_val_loss_stderr": 0.0017540460635624723, "final_train_acc_stderr": 0.0, "final_val_acc_stderr": 0.0, "step_val_acc_99_stderr": 187.89936891726427}, "final_info_dict": {"final_train_loss": [0.0164007768034935, 0.02041715197265148, 0.007411699276417494], "final_val_loss": [0.018586546182632446, 0.023101352155208588, 0.010388432070612907], "final_train_acc": [1.0, 1.0, 1.0], "final_val_acc": [1.0, 1.0, 1.0], "step_val_acc_99": [3780, 5160, 4430]}}, "x_minus_y": {"means": {"final_train_loss_mean": 0.009970207388202349, "final_val_loss_mean": 0.030346291760603588, "final_train_acc_mean": 0.9991536537806193, "final_val_acc_mean": 0.9917805989583334, "step_val_acc_99_mean": 4793.333333333333}, "stderrs": {"final_train_loss_stderr": 0.0005262848871467909, "final_val_loss_stderr": 0.0047238437286900815, "final_train_acc_stderr": 0.0003539325257910663, "final_val_acc_stderr": 0.0020375772524103652, "step_val_acc_99_stderr": 127.95639689430475}, "final_info_dict": {"final_train_loss": [0.012129872106015682, 0.009381352923810482, 0.008399397134780884], "final_val_loss": [0.04627295583486557, 0.01184709370136261, 0.03291882574558258], "final_train_acc": [0.9976562857627869, 1.0, 0.999804675579071], "final_val_acc": [0.9853515625, 1.0, 0.989990234375], "step_val_acc_99": [4270, 4930, 5180]}}, "x_plus_y": {"means": {"final_train_loss_mean": 0.8630682037522396, "final_val_loss_mean": 1.2889637943202008, "final_train_acc_mean": 0.853515644868215, "final_val_acc_mean": 0.7146809895833334, "step_val_acc_99_mean": 2746.6666666666665}, "stderrs": {"final_train_loss_stderr": 0.3079557799956007, "final_val_loss_stderr": 0.5498135438272354, "final_train_acc_stderr": 0.05844028493121312, "final_val_acc_stderr": 0.1332940628800767, "step_val_acc_99_stderr": 80.38487665638188}, "final_info_dict": {"final_train_loss": [0.0033914167433977127, 2.144970655441284, 0.44084253907203674], "final_val_loss": [0.0033972549717873335, 3.617413282394409, 0.24608084559440613], "final_train_acc": [1.0, 0.6070312857627869, 0.9535156488418579], "final_val_acc": [1.0, 0.149169921875, 0.994873046875], "step_val_acc_99": [2460, 3050, 2730]}}, "permutation": {"means": {"final_train_loss_mean": 0.03386872292806705, "final_val_loss_mean": 6.009108543395996, "final_train_acc_mean": 0.9986979166666666, "final_val_acc_mean": 0.062418619791666664, "step_val_acc_99_mean": 7500.0}, "stderrs": {"final_train_loss_stderr": 0.00620956201577698, "final_val_loss_stderr": 0.5116570467538161, "final_train_acc_stderr": 0.00032041205366205316, "final_val_acc_stderr": 0.011771628303902, "step_val_acc_99_stderr": 0.0}, "final_info_dict": {"final_train_loss": [0.05824659392237663, 0.03033030591905117, 0.013029268942773342], "final_val_loss": [4.529228210449219, 5.373668670654297, 8.124428749084473], "final_train_acc": [0.9974609613418579, 0.999804675579071, 0.998828113079071], "final_val_acc": [0.106689453125, 0.060302734375, 0.020263671875], "step_val_acc_99": [7500, 7500, 7500]}}}