{"final_train_loss": 0.44084253907203674, "final_val_loss": 0.24608084559440613, "final_train_acc": 0.9535156488418579, "final_val_acc": 0.994873046875, "step_val_acc_99": 2730}