{"final_train_loss": 0.013029268942773342, "final_val_loss": 8.124428749084473, "final_train_acc": 0.998828113079071, "final_val_acc": 0.020263671875, "step_val_acc_99": 7500}