{"final_train_loss": 0.012129872106015682, "final_val_loss": 0.04627295583486557, "final_train_acc": 0.9976562857627869, "final_val_acc": 0.9853515625, "step_val_acc_99": 4270}