{"final_train_loss": 0.008399397134780884, "final_val_loss": 0.03291882574558258, "final_train_acc": 0.999804675579071, "final_val_acc": 0.989990234375, "step_val_acc_99": 5180}