{"final_train_loss": 0.02041715197265148, "final_val_loss": 0.023101352155208588, "final_train_acc": 1.0, "final_val_acc": 1.0, "step_val_acc_99": 5160}