{"final_train_loss": 0.007411699276417494, "final_val_loss": 0.010388432070612907, "final_train_acc": 1.0, "final_val_acc": 1.0, "step_val_acc_99": 4430}