{"final_train_loss": 0.009381352923810482, "final_val_loss": 0.01184709370136261, "final_train_acc": 1.0, "final_val_acc": 1.0, "step_val_acc_99": 4930}