{"final_train_loss": 0.0033914167433977127, "final_val_loss": 0.0033972549717873335, "final_train_acc": 1.0, "final_val_acc": 1.0, "step_val_acc_99": 2460}