{"final_train_loss": 0.05824659392237663, "final_val_loss": 4.529228210449219, "final_train_acc": 0.9974609613418579, "final_val_acc": 0.106689453125, "step_val_acc_99": 7500}