{"final_train_loss": 2.144970655441284, "final_val_loss": 3.617413282394409, "final_train_acc": 0.6070312857627869, "final_val_acc": 0.149169921875, "step_val_acc_99": 3050}