{"final_train_loss": 0.03033030591905117, "final_val_loss": 5.373668670654297, "final_train_acc": 0.999804675579071, "final_val_acc": 0.060302734375, "step_val_acc_99": 7500}