{"final_train_loss": 0.0164007768034935, "final_val_loss": 0.018586546182632446, "final_train_acc": 1.0, "final_val_acc": 1.0, "step_val_acc_99": 3780}