{"x_div_y": {"means": {"final_train_loss_mean": 0.03495907473067442, "final_val_loss_mean": 0.024754316235582035, "final_train_acc_mean": 0.998242199420929, "final_val_acc_mean": 0.9998372395833334, "step_val_acc_99_mean": 3853.3333333333335}, "stderrs": {"final_train_loss_stderr": 0.013269336408700877, "final_val_loss_stderr": 0.008057858284238198, "final_train_acc_stderr": 0.000828635139623184, "final_val_acc_stderr": 7.672599622249864e-05, "step_val_acc_99_stderr": 54.99719409228703}, "final_info_dict": {"final_train_loss": [0.004837741144001484, 0.09120888262987137, 0.008830600418150425], "final_val_loss": [0.0057459063827991486, 0.058866504579782486, 0.009650537744164467], "final_train_acc": [1.0, 0.9947265982627869, 1.0], "final_val_acc": [1.0, 0.99951171875, 1.0], "step_val_acc_99": [3970, 3620, 3970]}}, "x_minus_y": {"means": {"final_train_loss_mean": 0.45708311488851905, "final_val_loss_mean": 0.19844909850507975, "final_train_acc_mean": 0.88671875, "final_val_acc_mean": 0.9593098958333334, "step_val_acc_99_mean": 4533.333333333333}, "stderrs": {"final_train_loss_stderr": 0.2119843163873, "final_val_loss_stderr": 0.08919422307685294, "final_train_acc_stderr": 0.053401293370859054, "final_val_acc_stderr": 0.019181499055624662, "step_val_acc_99_stderr": 227.4224871342344}, "final_info_dict": {"final_train_loss": [0.004830675665289164, 0.009967157617211342, 1.3564515113830566], "final_val_loss": [0.007328079082071781, 0.011157536879181862, 0.5768616795539856], "final_train_acc": [1.0, 1.0, 0.66015625], "final_val_acc": [1.0, 1.0, 0.8779296875], "step_val_acc_99": [5350, 3680, 4570]}}, "x_plus_y": {"means": {"final_train_loss_mean": 0.055443374129633106, "final_val_loss_mean": 0.030283655505627394, "final_train_acc_mean": 0.9981770912806193, "final_val_acc_mean": 0.9991861979166666, "step_val_acc_99_mean": 2876.6666666666665}, "stderrs": {"final_train_loss_stderr": 0.024097586904166236, "final_val_loss_stderr": 0.012146749544734187, "final_train_acc_stderr": 0.0008593274113054505, "final_val_acc_stderr": 0.00038362998111249325, "step_val_acc_99_stderr": 193.56945989093717}, "final_info_dict": {"final_train_loss": [0.15768028795719147, 0.004051119089126587, 0.004598715342581272], "final_val_loss": [0.08181686699390411, 0.004227798897773027, 0.00480630062520504], "final_train_acc": [0.9945312738418579, 1.0, 1.0], "final_val_acc": [0.99755859375, 1.0, 1.0], "step_val_acc_99": [3360, 2060, 3210]}}, "permutation": {"means": {"final_train_loss_mean": 0.006427883480985959, "final_val_loss_mean": 2.6680113350351653, "final_train_acc_mean": 1.0, "final_val_acc_mean": 0.65234375, "step_val_acc_99_mean": 7460.0}, "stderrs": {"final_train_loss_stderr": 0.0006324811309667788, "final_val_loss_stderr": 1.170399323128178, "final_train_acc_stderr": 0.0, "final_val_acc_stderr": 0.15189170609467376, "step_val_acc_99_stderr": 18.856180831641268}, "final_info_dict": {"final_train_loss": [0.005841908045113087, 0.00445307232439518, 0.008988670073449612], "final_val_loss": [0.3098019063472748, 0.06268703192472458, 7.631545066833496], "final_train_acc": [1.0, 1.0, 1.0], "final_val_acc": [0.94970703125, 0.998779296875, 0.008544921875], "step_val_acc_99": [7500, 7380, 7500]}}}