{"final_train_loss": 0.15768028795719147, "final_val_loss": 0.08181686699390411, "final_train_acc": 0.9945312738418579, "final_val_acc": 0.99755859375, "step_val_acc_99": 3360}