{"final_train_loss": 0.00445307232439518, "final_val_loss": 0.06268703192472458, "final_train_acc": 1.0, "final_val_acc": 0.998779296875, "step_val_acc_99": 7380}