{"final_train_loss": 0.005841908045113087, "final_val_loss": 0.3098019063472748, "final_train_acc": 1.0, "final_val_acc": 0.94970703125, "step_val_acc_99": 7500}