{"final_train_loss": 1.3564515113830566, "final_val_loss": 0.5768616795539856, "final_train_acc": 0.66015625, "final_val_acc": 0.8779296875, "step_val_acc_99": 4570}