{"final_train_loss": 0.00930207222700119, "final_val_loss": 0.01367188896983862, "final_train_acc": 1.0, "final_val_acc": 0.999755859375, "step_val_acc_99": 1910}