{"x_div_y": {"means": {"final_train_loss_mean": 0.44954616475539905, "final_val_loss_mean": 0.2620492111891508, "final_train_acc_mean": 0.8911458253860474, "final_val_acc_mean": 0.9508463541666666, "step_val_acc_99_mean": 3186.6666666666665}, "stderrs": {"final_train_loss_stderr": 0.17748840274071684, "final_val_loss_stderr": 0.0952576017310844, "final_train_acc_stderr": 0.04830785810323762, "final_val_acc_stderr": 0.020341941313106644, "step_val_acc_99_stderr": 341.1346354537646}, "final_info_dict": {"final_train_loss": [0.1485586017370224, 1.197813868522644, 0.0022660240065306425], "final_val_loss": [0.11766740679740906, 0.661141574382782, 0.007338652387261391], "final_train_acc": [0.987109363079071, 0.686328113079071, 1.0], "final_val_acc": [0.98876953125, 0.86474609375, 0.9990234375], "step_val_acc_99": [1990, 3080, 4490]}}, "x_minus_y": {"means": {"final_train_loss_mean": 0.011876020890971025, "final_val_loss_mean": 0.024313956188658874, "final_train_acc_mean": 1.0, "final_val_acc_mean": 0.9981282552083334, "step_val_acc_99_mean": 2080.0}, "stderrs": {"final_train_loss_stderr": 0.001261862335163548, "final_val_loss_stderr": 0.005327494923726902, "final_train_acc_stderr": 0.0, "final_val_acc_stderr": 0.000825473310259491, "step_val_acc_99_stderr": 84.89645108841363}, "final_info_dict": {"final_train_loss": [0.00930207222700119, 0.00909764226526022, 0.017228348180651665], "final_val_loss": [0.01367188896983862, 0.012365955859422684, 0.04690402373671532], "final_train_acc": [1.0, 1.0, 1.0], "final_val_acc": [0.999755859375, 1.0, 0.99462890625], "step_val_acc_99": [1910, 2440, 1890]}}, "x_plus_y": {"means": {"final_train_loss_mean": 0.005477033730130643, "final_val_loss_mean": 0.005799959452512364, "final_train_acc_mean": 1.0, "final_val_acc_mean": 1.0, "step_val_acc_99_mean": 1440.0}, "stderrs": {"final_train_loss_stderr": 0.0011437813609004484, "final_val_loss_stderr": 0.0012274285787076892, "final_train_acc_stderr": 0.0, "final_val_acc_stderr": 0.0, "step_val_acc_99_stderr": 16.99673171197595}, "final_info_dict": {"final_train_loss": [0.007512066047638655, 0.0006443942547775805, 0.008274640887975693], "final_val_loss": [0.007736975327134132, 0.0006451859371736646, 0.009017717093229294], "final_train_acc": [1.0, 1.0, 1.0], "final_val_acc": [1.0, 1.0, 1.0], "step_val_acc_99": [1460, 1370, 1490]}}, "permutation": {"means": {"final_train_loss_mean": 0.007784920686390251, "final_val_loss_mean": 0.012082553749981647, "final_train_acc_mean": 0.9994791746139526, "final_val_acc_mean": 0.9977213541666666, "step_val_acc_99_mean": 3893.3333333333335}, "stderrs": {"final_train_loss_stderr": 0.0017559773720281988, "final_val_loss_stderr": 0.0027911250930126173, "final_train_acc_stderr": 0.00024551944152546135, "final_val_acc_stderr": 0.001074163947114981, "step_val_acc_99_stderr": 261.7509890084727}, "final_info_dict": {"final_train_loss": [0.010742138139903545, 0.0003845038008876145, 0.012228120118379593], "final_val_loss": [0.01954740285873413, 0.00038915305049158633, 0.016311105340719223], "final_train_acc": [0.9984375238418579, 1.0, 1.0], "final_val_acc": [0.9931640625, 1.0, 1.0], "step_val_acc_99": [4820, 2900, 3960]}}}