{"final_train_loss": 0.00909764226526022, "final_val_loss": 0.012365955859422684, "final_train_acc": 1.0, "final_val_acc": 1.0, "step_val_acc_99": 2440}