{"final_train_loss": 0.1485586017370224, "final_val_loss": 0.11766740679740906, "final_train_acc": 0.987109363079071, "final_val_acc": 0.98876953125, "step_val_acc_99": 1990}