{"final_train_loss": 0.017228348180651665, "final_val_loss": 0.04690402373671532, "final_train_acc": 1.0, "final_val_acc": 0.99462890625, "step_val_acc_99": 1890}