{"final_train_loss": 0.010742138139903545, "final_val_loss": 0.01954740285873413, "final_train_acc": 0.9984375238418579, "final_val_acc": 0.9931640625, "step_val_acc_99": 4820}