{"final_train_loss": 1.197813868522644, "final_val_loss": 0.661141574382782, "final_train_acc": 0.686328113079071, "final_val_acc": 0.86474609375, "step_val_acc_99": 3080}