{"final_train_loss": 0.012228120118379593, "final_val_loss": 0.016311105340719223, "final_train_acc": 1.0, "final_val_acc": 1.0, "step_val_acc_99": 3960}