{"final_train_loss": 0.008274640887975693, "final_val_loss": 0.009017717093229294, "final_train_acc": 1.0, "final_val_acc": 1.0, "step_val_acc_99": 1490}