{"final_train_loss": 0.0003845038008876145, "final_val_loss": 0.00038915305049158633, "final_train_acc": 1.0, "final_val_acc": 1.0, "step_val_acc_99": 2900}