{"final_train_loss": 0.0022660240065306425, "final_val_loss": 0.007338652387261391, "final_train_acc": 1.0, "final_val_acc": 0.9990234375, "step_val_acc_99": 4490}