{"final_train_loss": 1.2781165838241577, "final_val_loss": 3.5257647037506104, "final_train_acc": 0.74609375, "final_val_acc": 0.13232421875, "step_val_acc_99": 4910}