{"final_train_loss": 0.00694708526134491, "final_val_loss": 0.009688244201242924, "final_train_acc": 1.0, "final_val_acc": 1.0, "step_val_acc_99": 4700}