{"final_train_loss": 0.005898359697312117, "final_val_loss": 0.006193208508193493, "final_train_acc": 1.0, "final_val_acc": 1.0, "step_val_acc_99": 3180}