{"final_train_loss": 0.032855842262506485, "final_val_loss": 0.0417277067899704, "final_train_acc": 1.0, "final_val_acc": 0.99853515625, "step_val_acc_99": 4130}