{"final_train_loss": 0.009800020605325699, "final_val_loss": 0.010946829803287983, "final_train_acc": 1.0, "final_val_acc": 1.0, "step_val_acc_99": 2310}