{"final_train_loss": 0.004156353883445263, "final_val_loss": 0.004369973670691252, "final_train_acc": 1.0, "final_val_acc": 1.0, "step_val_acc_99": 3000}