{"final_train_loss": 0.020055487751960754, "final_val_loss": 0.16706126928329468, "final_train_acc": 1.0, "final_val_acc": 0.984130859375, "step_val_acc_99": 7500}