{"final_train_loss": 0.04752005264163017, "final_val_loss": 0.06234331801533699, "final_train_acc": 0.9996094107627869, "final_val_acc": 0.993896484375, "step_val_acc_99": 4960}