{"final_train_loss": 0.008958347141742706, "final_val_loss": 0.013308887369930744, "final_train_acc": 1.0, "final_val_acc": 1.0, "step_val_acc_99": 4270}