{"final_train_loss": 0.01517475675791502, "final_val_loss": 0.020117010921239853, "final_train_acc": 1.0, "final_val_acc": 1.0, "step_val_acc_99": 4410}