{"final_train_loss": 0.24729204177856445, "final_val_loss": 7.269707679748535, "final_train_acc": 0.945507824420929, "final_val_acc": 0.0126953125, "step_val_acc_99": 7500}