{"final_train_loss": 0.002958820667117834, "final_val_loss": 8.237929344177246, "final_train_acc": 1.0, "final_val_acc": 0.018798828125, "step_val_acc_99": 7500}