{"x_div_y": {"means": {"final_train_loss_mean": 0.4469371310745676, "final_val_loss_mean": 1.2027416775623958, "final_train_acc_mean": 0.915234386920929, "final_val_acc_mean": 0.708740234375, "step_val_acc_99_mean": 4760.0}, "stderrs": {"final_train_loss_stderr": 0.19596031656969473, "final_val_loss_stderr": 0.5475719300223345, "final_train_acc_stderr": 0.039866865879752356, "final_val_acc_stderr": 0.1358650966345597, "step_val_acc_99_stderr": 82.77591347639633}, "final_info_dict": {"final_train_loss": [1.2781165838241577, 0.04752005264163017, 0.01517475675791502], "final_val_loss": [3.5257647037506104, 0.06234331801533699, 0.020117010921239853], "final_train_acc": [0.74609375, 0.9996094107627869, 1.0], "final_val_acc": [0.13232421875, 0.993896484375, 1.0], "step_val_acc_99": [4910, 4960, 4410]}}, "x_minus_y": {"means": {"final_train_loss_mean": 0.0162537582218647, "final_val_loss_mean": 0.021574946120381355, "final_train_acc_mean": 1.0, "final_val_acc_mean": 0.99951171875, "step_val_acc_99_mean": 4366.666666666667}, "stderrs": {"final_train_loss_stderr": 0.003922708715097589, "final_val_loss_stderr": 0.004775536318091463, "final_train_acc_stderr": 0.0, "final_val_acc_stderr": 0.00023017798866749596, "step_val_acc_99_stderr": 80.8443100603611}, "final_info_dict": {"final_train_loss": [0.008958347141742706, 0.00694708526134491, 0.032855842262506485], "final_val_loss": [0.013308887369930744, 0.009688244201242924, 0.0417277067899704], "final_train_acc": [1.0, 1.0, 1.0], "final_val_acc": [1.0, 1.0, 0.99853515625], "step_val_acc_99": [4270, 4700, 4130]}}, "x_plus_y": {"means": {"final_train_loss_mean": 0.00661824472869436, "final_val_loss_mean": 0.007170003994057576, "final_train_acc_mean": 1.0, "final_val_acc_mean": 1.0, "step_val_acc_99_mean": 2830.0}, "stderrs": {"final_train_loss_stderr": 0.0007865263227316222, "final_val_loss_stderr": 0.000924135480412475, "final_train_acc_stderr": 0.0, "final_val_acc_stderr": 0.0, "step_val_acc_99_stderr": 124.98888839501784}, "final_info_dict": {"final_train_loss": [0.005898359697312117, 0.009800020605325699, 0.004156353883445263], "final_val_loss": [0.006193208508193493, 0.010946829803287983, 0.004369973670691252], "final_train_acc": [1.0, 1.0, 1.0], "final_val_acc": [1.0, 1.0, 1.0], "step_val_acc_99": [3180, 2310, 3000]}}, "permutation": {"means": {"final_train_loss_mean": 0.09010211673254769, "final_val_loss_mean": 5.224899431069692, "final_train_acc_mean": 0.981835941473643, "final_val_acc_mean": 0.3385416666666667, "step_val_acc_99_mean": 7500.0}, "stderrs": {"final_train_loss_stderr": 0.037122997173392215, "final_val_loss_stderr": 1.199402890052175, "final_train_acc_stderr": 0.008562619305237582, "final_val_acc_stderr": 0.15216909880789525, "step_val_acc_99_stderr": 0.0}, "final_info_dict": {"final_train_loss": [0.002958820667117834, 0.020055487751960754, 0.24729204177856445], "final_val_loss": [8.237929344177246, 0.16706126928329468, 7.269707679748535], "final_train_acc": [1.0, 1.0, 0.945507824420929], "final_val_acc": [0.018798828125, 0.984130859375, 0.0126953125], "step_val_acc_99": [7500, 7500, 7500]}}}