{"final_train_loss": 0.007790268864482641, "final_val_loss": 0.010281957685947418, "final_train_acc": 1.0, "final_val_acc": 1.0, "step_val_acc_99": 4670}