{"x_div_y": {"means": {"final_train_loss_mean": 0.00849093139792482, "final_val_loss_mean": 0.011464329125980536, "final_train_acc_mean": 1.0, "final_val_acc_mean": 0.9998372395833334, "step_val_acc_99_mean": 4863.333333333333}, "stderrs": {"final_train_loss_stderr": 0.0005028749662498584, "final_val_loss_stderr": 0.0008005987615432505, "final_train_acc_stderr": 0.0, "final_val_acc_stderr": 7.672599622249864e-05, "step_val_acc_99_stderr": 72.12814385385546}, "final_info_dict": {"final_train_loss": [0.010353262536227703, 0.006658258382230997, 0.008461273275315762], "final_val_loss": [0.01330498605966568, 0.008071769960224628, 0.0130162313580513], "final_train_acc": [1.0, 1.0, 1.0], "final_val_acc": [1.0, 1.0, 0.99951171875], "step_val_acc_99": [4650, 4780, 5160]}}, "x_minus_y": {"means": {"final_train_loss_mean": 0.3871298542556663, "final_val_loss_mean": 0.23336725992461047, "final_train_acc_mean": 0.90625, "final_val_acc_mean": 0.956787109375, "step_val_acc_99_mean": 4456.666666666667}, "stderrs": {"final_train_loss_stderr": 0.17569220614723904, "final_val_loss_stderr": 0.10056580604442357, "final_train_acc_stderr": 0.044194173824159216, "final_val_acc_stderr": 0.020370751997073392, "step_val_acc_99_stderr": 102.93231624905302}, "final_info_dict": {"final_train_loss": [0.021110208705067635, 1.1324890851974487, 0.007790268864482641], "final_val_loss": [0.029938945546746254, 0.6598808765411377, 0.010281957685947418], "final_train_acc": [1.0, 0.71875, 1.0], "final_val_acc": [1.0, 0.870361328125, 1.0], "step_val_acc_99": [4680, 4020, 4670]}}, "x_plus_y": {"means": {"final_train_loss_mean": 0.006779674828673403, "final_val_loss_mean": 0.00735609916349252, "final_train_acc_mean": 1.0, "final_val_acc_mean": 1.0, "step_val_acc_99_mean": 2700.0}, "stderrs": {"final_train_loss_stderr": 0.0009514544085517003, "final_val_loss_stderr": 0.0010603960681214739, "final_train_acc_stderr": 0.0, "final_val_acc_stderr": 0.0, "step_val_acc_99_stderr": 117.78825949165764}, "final_info_dict": {"final_train_loss": [0.007787203881889582, 0.009661135263741016, 0.0028906853403896093], "final_val_loss": [0.008375532925128937, 0.010641181841492653, 0.0030515827238559723], "final_train_acc": [1.0, 1.0, 1.0], "final_val_acc": [1.0, 1.0, 1.0], "step_val_acc_99": [3030, 2860, 2210]}}, "permutation": {"means": {"final_train_loss_mean": 0.016140682622790337, "final_val_loss_mean": 7.040411472320557, "final_train_acc_mean": 0.9994791746139526, "final_val_acc_mean": 0.029541015625, "step_val_acc_99_mean": 7500.0}, "stderrs": {"final_train_loss_stderr": 0.00245748843436596, "final_val_loss_stderr": 0.4191945956875404, "final_train_acc_stderr": 0.00024551944152546135, "final_val_acc_stderr": 0.00882690821401334, "step_val_acc_99_stderr": 0.0}, "final_info_dict": {"final_train_loss": [0.012969075702130795, 0.009125000797212124, 0.02632797136902809], "final_val_loss": [5.327581882476807, 7.482173919677734, 8.311478614807129], "final_train_acc": [1.0, 1.0, 0.9984375238418579], "final_val_acc": [0.06689453125, 0.01318359375, 0.008544921875], "step_val_acc_99": [7500, 7500, 7500]}}}