{"final_train_loss": 0.009125000797212124, "final_val_loss": 7.482173919677734, "final_train_acc": 1.0, "final_val_acc": 0.01318359375, "step_val_acc_99": 7500}