{"final_train_loss": 0.010353262536227703, "final_val_loss": 0.01330498605966568, "final_train_acc": 1.0, "final_val_acc": 1.0, "step_val_acc_99": 4650}