{"final_train_loss": 1.1324890851974487, "final_val_loss": 0.6598808765411377, "final_train_acc": 0.71875, "final_val_acc": 0.870361328125, "step_val_acc_99": 4020}