{"final_train_loss": 0.006658258382230997, "final_val_loss": 0.008071769960224628, "final_train_acc": 1.0, "final_val_acc": 1.0, "step_val_acc_99": 4780}