{"final_train_loss": 0.02632797136902809, "final_val_loss": 8.311478614807129, "final_train_acc": 0.9984375238418579, "final_val_acc": 0.008544921875, "step_val_acc_99": 7500}