{"final_train_loss": 0.012969075702130795, "final_val_loss": 5.327581882476807, "final_train_acc": 1.0, "final_val_acc": 0.06689453125, "step_val_acc_99": 7500}