{"final_train_loss": 0.009661135263741016, "final_val_loss": 0.010641181841492653, "final_train_acc": 1.0, "final_val_acc": 1.0, "step_val_acc_99": 2860}