{"final_train_loss": 0.021110208705067635, "final_val_loss": 0.029938945546746254, "final_train_acc": 1.0, "final_val_acc": 1.0, "step_val_acc_99": 4680}