{"final_train_loss": 0.0028906853403896093, "final_val_loss": 0.0030515827238559723, "final_train_acc": 1.0, "final_val_acc": 1.0, "step_val_acc_99": 2210}