{"final_train_loss": 0.007787203881889582, "final_val_loss": 0.008375532925128937, "final_train_acc": 1.0, "final_val_acc": 1.0, "step_val_acc_99": 3030}