{"final_train_loss": 0.0010015505831688643, "final_val_loss": 0.0036596697755157948, "final_train_acc": 1.0, "final_val_acc": 0.9990234375, "step_val_acc_99": 2680}