{"final_train_loss": 0.004301141016185284, "final_val_loss": 0.004403976257890463, "final_train_acc": 1.0, "final_val_acc": 1.0, "step_val_acc_99": 3000}