{"x_div_y": {"means": {"final_train_loss_mean": 0.003528509521856904, "final_val_loss_mean": 0.0053718299604952335, "final_train_acc_mean": 1.0, "final_val_acc_mean": 0.9996744791666666, "step_val_acc_99_mean": 2536.6666666666665}, "stderrs": {"final_train_loss_stderr": 0.0008497286297816047, "final_val_loss_stderr": 0.001057703167105019, "final_train_acc_stderr": 0.0, "final_val_acc_stderr": 0.00015345199244499728, "step_val_acc_99_stderr": 51.94964323360426}, "final_info_dict": {"final_train_loss": [0.0025652465410530567, 0.007018731441348791, 0.0010015505831688643], "final_val_loss": [0.0026356521993875504, 0.009820167906582355, 0.0036596697755157948], "final_train_acc": [1.0, 1.0, 1.0], "final_val_acc": [1.0, 1.0, 0.9990234375], "step_val_acc_99": [2320, 2610, 2680]}}, "x_minus_y": {"means": {"final_train_loss_mean": 0.01847813988570124, "final_val_loss_mean": 0.02277795570747306, "final_train_acc_mean": 0.9965494871139526, "final_val_acc_mean": 0.993408203125, "step_val_acc_99_mean": 2530.0}, "stderrs": {"final_train_loss_stderr": 0.007427316351870166, "final_val_loss_stderr": 0.009432369918980865, "final_train_acc_stderr": 0.0016265873735304371, "final_val_acc_stderr": 0.0031074028470111956, "step_val_acc_99_stderr": 113.16981668009986}, "final_info_dict": {"final_train_loss": [0.049938496202230453, 0.004301141016185284, 0.0011947824386879802], "final_val_loss": [0.06275272369384766, 0.004403976257890463, 0.0011771671706810594], "final_train_acc": [0.9896484613418579, 1.0, 1.0], "final_val_acc": [0.980224609375, 1.0, 1.0], "step_val_acc_99": [2380, 3000, 2210]}}, "x_plus_y": {"means": {"final_train_loss_mean": 0.014697222233129045, "final_val_loss_mean": 0.014259879748957852, "final_train_acc_mean": 1.0, "final_val_acc_mean": 1.0, "step_val_acc_99_mean": 2096.6666666666665}, "stderrs": {"final_train_loss_stderr": 0.00539779736619441, "final_val_loss_stderr": 0.00511298949304861, "final_train_acc_stderr": 0.0, "final_val_acc_stderr": 0.0, "step_val_acc_99_stderr": 110.29701763314107}, "final_info_dict": {"final_train_loss": [0.03751758113503456, 0.0016250150511041284, 0.004949070513248444], "final_val_loss": [0.03585277125239372, 0.0016644875286146998, 0.005262380465865135], "final_train_acc": [1.0, 1.0, 1.0], "final_val_acc": [1.0, 1.0, 1.0], "step_val_acc_99": [2360, 1630, 2300]}}, "permutation": {"means": {"final_train_loss_mean": 0.6635201079770923, "final_val_loss_mean": 0.441335557649533, "final_train_acc_mean": 0.8492838541666666, "final_val_acc_mean": 0.8844401041666666, "step_val_acc_99_mean": 5210.0}, "stderrs": {"final_train_loss_stderr": 0.307223423999276, "final_val_loss_stderr": 0.19917488084886303, "final_train_acc_stderr": 0.07104827250203374, "final_val_acc_stderr": 0.054302915295925604, "step_val_acc_99_stderr": 540.6648855978336}, "final_info_dict": {"final_train_loss": [1.9669450521469116, 0.016974512487649918, 0.0066407592967152596], "final_val_loss": [1.2863467931747437, 0.01429600641131401, 0.0233638733625412], "final_train_acc": [0.5478515625, 1.0, 1.0], "final_val_acc": [0.654052734375, 1.0, 0.999267578125], "step_val_acc_99": [7500, 3950, 4180]}}}