{"final_train_loss": 0.03751758113503456, "final_val_loss": 0.03585277125239372, "final_train_acc": 1.0, "final_val_acc": 1.0, "step_val_acc_99": 2360}