{"final_train_loss": 0.004949070513248444, "final_val_loss": 0.005262380465865135, "final_train_acc": 1.0, "final_val_acc": 1.0, "step_val_acc_99": 2300}