{"final_train_loss": 0.0016250150511041284, "final_val_loss": 0.0016644875286146998, "final_train_acc": 1.0, "final_val_acc": 1.0, "step_val_acc_99": 1630}