{"final_train_loss": 0.0011947824386879802, "final_val_loss": 0.0011771671706810594, "final_train_acc": 1.0, "final_val_acc": 1.0, "step_val_acc_99": 2210}