{"final_train_loss": 0.0025652465410530567, "final_val_loss": 0.0026356521993875504, "final_train_acc": 1.0, "final_val_acc": 1.0, "step_val_acc_99": 2320}