{"final_train_loss": 0.049938496202230453, "final_val_loss": 0.06275272369384766, "final_train_acc": 0.9896484613418579, "final_val_acc": 0.980224609375, "step_val_acc_99": 2380}