{"final_train_loss": 0.0066407592967152596, "final_val_loss": 0.0233638733625412, "final_train_acc": 1.0, "final_val_acc": 0.999267578125, "step_val_acc_99": 4180}