{"final_train_loss": 0.007018731441348791, "final_val_loss": 0.009820167906582355, "final_train_acc": 1.0, "final_val_acc": 1.0, "step_val_acc_99": 2610}