{"final_train_loss": 0.016974512487649918, "final_val_loss": 0.01429600641131401, "final_train_acc": 1.0, "final_val_acc": 1.0, "step_val_acc_99": 3950}