{"final_train_loss": 1.9669450521469116, "final_val_loss": 1.2863467931747437, "final_train_acc": 0.5478515625, "final_val_acc": 0.654052734375, "step_val_acc_99": 7500}