{"final_train_loss": 0.004830675665289164, "final_val_loss": 0.007328079082071781, "final_train_acc": 1.0, "final_val_acc": 1.0, "step_val_acc_99": 5350}