{"final_train_loss": 0.09120888262987137, "final_val_loss": 0.058866504579782486, "final_train_acc": 0.9947265982627869, "final_val_acc": 0.99951171875, "step_val_acc_99": 3620}