{"final_train_loss": 0.004051119089126587, "final_val_loss": 0.004227798897773027, "final_train_acc": 1.0, "final_val_acc": 1.0, "step_val_acc_99": 2060}