{"final_train_loss": 0.008830600418150425, "final_val_loss": 0.009650537744164467, "final_train_acc": 1.0, "final_val_acc": 1.0, "step_val_acc_99": 3970}