{"final_train_loss": 0.0011239888845011592, "final_val_loss": 0.0011344535741955042, "final_train_acc": 1.0, "final_val_acc": 1.0, "step_val_acc_99": 2990}