{"final_train_loss": 0.014751982875168324, "final_val_loss": 5.913370132446289, "final_train_acc": 0.9994140863418579, "final_val_acc": 0.05224609375, "step_val_acc_99": 7500}