{"final_train_loss": 0.3661486804485321, "final_val_loss": 2.8507578372955322, "final_train_acc": 0.914257824420929, "final_val_acc": 0.298583984375, "step_val_acc_99": 1680}