{"final_train_loss": 0.0032834045123308897, "final_val_loss": 0.0037626363337039948, "final_train_acc": 1.0, "final_val_acc": 1.0, "step_val_acc_99": 3990}