{"final_train_loss": 0.005524619482457638, "final_val_loss": 0.017361406236886978, "final_train_acc": 1.0, "final_val_acc": 0.99560546875, "step_val_acc_99": 3260}