{"x_div_y": {"means": {"final_train_loss_mean": 0.003390350417854885, "final_val_loss_mean": 0.0075718835384274525, "final_train_acc_mean": 1.0, "final_val_acc_mean": 0.99853515625, "step_val_acc_99_mean": 3896.6666666666665}, "stderrs": {"final_train_loss_stderr": 0.0005668816931301786, "final_val_loss_stderr": 0.002326249675394153, "final_train_acc_stderr": 0.0, "final_val_acc_stderr": 0.0006905339660024878, "step_val_acc_99_stderr": 162.07756107021459}, "final_info_dict": {"final_train_loss": [0.0032834045123308897, 0.0013630272587761283, 0.005524619482457638], "final_val_loss": [0.0037626363337039948, 0.0015916080446913838, 0.017361406236886978], "final_train_acc": [1.0, 1.0, 1.0], "final_val_acc": [1.0, 1.0, 0.99560546875], "step_val_acc_99": [3990, 4440, 3260]}}, "x_minus_y": {"means": {"final_train_loss_mean": 0.003002076099316279, "final_val_loss_mean": 0.003789236924300591, "final_train_acc_mean": 1.0, "final_val_acc_mean": 0.9999186197916666, "step_val_acc_99_mean": 3063.3333333333335}, "stderrs": {"final_train_loss_stderr": 0.0008778081149935306, "final_val_loss_stderr": 0.0012394095928308895, "final_train_acc_stderr": 0.0, "final_val_acc_stderr": 3.836299811124932e-05, "step_val_acc_99_stderr": 129.0803176129565}, "final_info_dict": {"final_train_loss": [0.0011559847043827176, 0.0011239888845011592, 0.0067262547090649605], "final_val_loss": [0.0011857340577989817, 0.0011344535741955042, 0.009047523140907288], "final_train_acc": [1.0, 1.0, 1.0], "final_val_acc": [1.0, 1.0, 0.999755859375], "step_val_acc_99": [3570, 2990, 2630]}}, "x_plus_y": {"means": {"final_train_loss_mean": 0.12369520807017882, "final_val_loss_mean": 0.9520107529436549, "final_train_acc_mean": 0.9714192748069763, "final_val_acc_mean": 0.7661946614583334, "step_val_acc_99_mean": 1890.0}, "stderrs": {"final_train_loss_stderr": 0.05714683219703214, "final_val_loss_stderr": 0.4475389799792704, "final_train_acc_stderr": 0.013473083063477496, "final_val_acc_stderr": 0.1102168935736193, "step_val_acc_99_stderr": 87.47486411450922}, "final_info_dict": {"final_train_loss": [0.0024352173786610365, 0.3661486804485321, 0.002501726383343339], "final_val_loss": [0.0025792375672608614, 2.8507578372955322, 0.0026951839681714773], "final_train_acc": [1.0, 0.914257824420929, 1.0], "final_val_acc": [1.0, 0.298583984375, 1.0], "step_val_acc_99": [1730, 1680, 2260]}}, "permutation": {"means": {"final_train_loss_mean": 0.005507615452491639, "final_val_loss_mean": 1.9720161841056931, "final_train_acc_mean": 0.999804695447286, "final_val_acc_mean": 0.68408203125, "step_val_acc_99_mean": 6700.0}, "stderrs": {"final_train_loss_stderr": 0.0021914498672093623, "final_val_loss_stderr": 0.9289860594489178, "final_train_acc_stderr": 9.206744908046408e-05, "final_val_acc_stderr": 0.14892515866786987, "step_val_acc_99_stderr": 262.3116608300275}, "final_info_dict": {"final_train_loss": [0.0017452934989705682, 0.014751982875168324, 2.556998333602678e-05], "final_val_loss": [0.0021280101500451565, 5.913370132446289, 0.0005504097207449377], "final_train_acc": [1.0, 0.9994140863418579, 1.0], "final_val_acc": [1.0, 0.05224609375, 1.0], "step_val_acc_99": [5630, 7500, 6970]}}}