{"final_train_loss": 0.0017452934989705682, "final_val_loss": 0.0021280101500451565, "final_train_acc": 1.0, "final_val_acc": 1.0, "step_val_acc_99": 5630}