{"final_train_loss": 0.0013630272587761283, "final_val_loss": 0.0015916080446913838, "final_train_acc": 1.0, "final_val_acc": 1.0, "step_val_acc_99": 4440}