{"final_train_loss": 0.002501726383343339, "final_val_loss": 0.0026951839681714773, "final_train_acc": 1.0, "final_val_acc": 1.0, "step_val_acc_99": 2260}