{"final_train_loss": 2.556998333602678e-05, "final_val_loss": 0.0005504097207449377, "final_train_acc": 1.0, "final_val_acc": 1.0, "step_val_acc_99": 6970}