{"final_train_loss": 0.0067262547090649605, "final_val_loss": 0.009047523140907288, "final_train_acc": 1.0, "final_val_acc": 0.999755859375, "step_val_acc_99": 2630}