{"final_train_loss": 0.08616205304861069, "final_val_loss": 8.220603942871094, "final_train_acc": 0.9937500357627869, "final_val_acc": 0.006103515625, "step_val_acc_99": 7500}