{"final_train_loss": 0.005256169475615025, "final_val_loss": 0.006018012296408415, "final_train_acc": 1.0, "final_val_acc": 1.0, "step_val_acc_99": 4310}