{"x_div_y": {"means": {"final_train_loss_mean": 0.006466611909369628, "final_val_loss_mean": 0.007629223167896271, "final_train_acc_mean": 1.0, "final_val_acc_mean": 1.0, "step_val_acc_99_mean": 4406.666666666667}, "stderrs": {"final_train_loss_stderr": 0.0005824202776990079, "final_val_loss_stderr": 0.0006863080288027663, "final_train_acc_stderr": 0.0, "final_val_acc_stderr": 0.0, "step_val_acc_99_stderr": 150.0699425412064}, "final_info_dict": {"final_train_loss": [0.008937443606555462, 0.0052062226459383965, 0.005256169475615025], "final_val_loss": [0.010535245761275291, 0.006334411446005106, 0.006018012296408415], "final_train_acc": [1.0, 1.0, 1.0], "final_val_acc": [1.0, 1.0, 1.0], "step_val_acc_99": [3910, 5000, 4310]}}, "x_minus_y": {"means": {"final_train_loss_mean": 0.006164652140190204, "final_val_loss_mean": 0.009430745150893927, "final_train_acc_mean": 1.0, "final_val_acc_mean": 0.9998372395833334, "step_val_acc_99_mean": 5096.666666666667}, "stderrs": {"final_train_loss_stderr": 0.0004810655275169767, "final_val_loss_stderr": 0.0010550817984066217, "final_train_acc_stderr": 0.0, "final_val_acc_stderr": 7.672599622249864e-05, "step_val_acc_99_stderr": 95.89088449062852}, "final_info_dict": {"final_train_loss": [0.006381166633218527, 0.0042988210916519165, 0.007813968695700169], "final_val_loss": [0.010157879441976547, 0.005242047365754843, 0.01289230864495039], "final_train_acc": [1.0, 1.0, 1.0], "final_val_acc": [0.99951171875, 1.0, 1.0], "step_val_acc_99": [4990, 4810, 5490]}}, "x_plus_y": {"means": {"final_train_loss_mean": 0.009297109441831708, "final_val_loss_mean": 0.008724454324692488, "final_train_acc_mean": 1.0, "final_val_acc_mean": 1.0, "step_val_acc_99_mean": 2930.0}, "stderrs": {"final_train_loss_stderr": 0.0026464716410765678, "final_val_loss_stderr": 0.0022643090140413, "final_train_acc_stderr": 0.0, "final_val_acc_stderr": 0.0, "step_val_acc_99_stderr": 32.087842395985895}, "final_info_dict": {"final_train_loss": [0.004987150896340609, 0.002473243745043874, 0.02043093368411064], "final_val_loss": [0.0054023610427975655, 0.0025791856460273266, 0.01819181628525257], "final_train_acc": [1.0, 1.0, 1.0], "final_val_acc": [1.0, 1.0, 1.0], "step_val_acc_99": [2830, 2900, 3060]}}, "permutation": {"means": {"final_train_loss_mean": 0.03724913982053598, "final_val_loss_mean": 7.286241213480632, "final_train_acc_mean": 0.9977864821751913, "final_val_acc_mean": 0.017740885416666668, "step_val_acc_99_mean": 7500.0}, "stderrs": {"final_train_loss_stderr": 0.011584345420878973, "final_val_loss_stderr": 0.27345833827184346, "final_train_acc_stderr": 0.0009528831383875956, "final_val_acc_stderr": 0.0034104252211613778, "step_val_acc_99_stderr": 0.0}, "final_info_dict": {"final_train_loss": [0.00863269716501236, 0.08616205304861069, 0.016952669247984886], "final_val_loss": [6.223453044891357, 8.220603942871094, 7.414666652679443], "final_train_acc": [1.0, 0.9937500357627869, 0.9996094107627869], "final_val_acc": [0.031005859375, 0.006103515625, 0.01611328125], "step_val_acc_99": [7500, 7500, 7500]}}}