{"final_train_loss": 0.0052062226459383965, "final_val_loss": 0.006334411446005106, "final_train_acc": 1.0, "final_val_acc": 1.0, "step_val_acc_99": 5000}