{"final_train_loss": 0.00863269716501236, "final_val_loss": 6.223453044891357, "final_train_acc": 1.0, "final_val_acc": 0.031005859375, "step_val_acc_99": 7500}