{"final_train_loss": 0.007813968695700169, "final_val_loss": 0.01289230864495039, "final_train_acc": 1.0, "final_val_acc": 1.0, "step_val_acc_99": 5490}