{"final_train_loss": 0.02043093368411064, "final_val_loss": 0.01819181628525257, "final_train_acc": 1.0, "final_val_acc": 1.0, "step_val_acc_99": 3060}