{"final_train_loss": 0.0042988210916519165, "final_val_loss": 0.005242047365754843, "final_train_acc": 1.0, "final_val_acc": 1.0, "step_val_acc_99": 4810}