{"final_train_loss": 0.008937443606555462, "final_val_loss": 0.010535245761275291, "final_train_acc": 1.0, "final_val_acc": 1.0, "step_val_acc_99": 3910}