{"final_train_loss": 0.006381166633218527, "final_val_loss": 0.010157879441976547, "final_train_acc": 1.0, "final_val_acc": 0.99951171875, "step_val_acc_99": 4990}