{"final_train_loss": 0.016952669247984886, "final_val_loss": 7.414666652679443, "final_train_acc": 0.9996094107627869, "final_val_acc": 0.01611328125, "step_val_acc_99": 7500}