{"final_train_loss": 0.002473243745043874, "final_val_loss": 0.0025791856460273266, "final_train_acc": 1.0, "final_val_acc": 1.0, "step_val_acc_99": 2900}