{"final_train_loss": 0.002407799707725644, "final_val_loss": 0.002594985533505678, "final_train_acc": 1.0, "final_val_acc": 1.0, "step_val_acc_99": 4040}