{"final_train_loss": 0.0026296793948858976, "final_val_loss": 0.0029031727463006973, "final_train_acc": 1.0, "final_val_acc": 1.0, "step_val_acc_99": 1610}