{"final_train_loss": 1.1042169332504272, "final_val_loss": 1.6892807483673096, "final_train_acc": 0.735156238079071, "final_val_acc": 0.62890625, "step_val_acc_99": 4440}