{"final_train_loss": 0.0006130202091298997, "final_val_loss": 0.0006989249377511442, "final_train_acc": 1.0, "final_val_acc": 1.0, "step_val_acc_99": 4200}