{"final_train_loss": 0.027781957760453224, "final_val_loss": 0.01913837157189846, "final_train_acc": 1.0, "final_val_acc": 1.0, "step_val_acc_99": 2900}