{"final_train_loss": 0.012652031145989895, "final_val_loss": 2.1186115741729736, "final_train_acc": 0.9994140863418579, "final_val_acc": 0.4072265625, "step_val_acc_99": 7500}