{"final_train_loss": 5.998642791382736e-06, "final_val_loss": 0.00015078700380399823, "final_train_acc": 1.0, "final_val_acc": 1.0, "step_val_acc_99": 7050}