{"final_train_loss": 0.001047306228429079, "final_val_loss": 0.0013466068776324391, "final_train_acc": 1.0, "final_val_acc": 1.0, "step_val_acc_99": 4430}