{"final_train_loss": 0.03478593751788139, "final_val_loss": 0.020715832710266113, "final_train_acc": 0.9996094107627869, "final_val_acc": 1.0, "step_val_acc_99": 1670}