{"x_div_y": {"means": {"final_train_loss_mean": 0.36972478063156206, "final_val_loss_mean": 0.5649590941611677, "final_train_acc_mean": 0.911718746026357, "final_val_acc_mean": 0.8763020833333334, "step_val_acc_99_mean": 4346.666666666667}, "stderrs": {"final_train_loss_stderr": 0.17312146169059395, "final_val_loss_stderr": 0.2650051610833554, "final_train_acc_stderr": 0.041616182224276536, "final_val_acc_stderr": 0.05831175712909897, "step_val_acc_99_stderr": 74.10369778014696}, "final_info_dict": {"final_train_loss": [0.002549608936533332, 0.002407799707725644, 1.1042169332504272], "final_val_loss": [0.003001548582687974, 0.002594985533505678, 1.6892807483673096], "final_train_acc": [1.0, 1.0, 0.735156238079071], "final_val_acc": [1.0, 1.0, 0.62890625], "step_val_acc_99": [4560, 4040, 4440]}}, "x_minus_y": {"means": {"final_train_loss_mean": 0.009814094732670734, "final_val_loss_mean": 0.007061301129094015, "final_train_acc_mean": 1.0, "final_val_acc_mean": 1.0, "step_val_acc_99_mean": 3843.3333333333335}, "stderrs": {"final_train_loss_stderr": 0.004235478261730654, "final_val_loss_stderr": 0.002847956978375612, "final_train_acc_stderr": 0.0, "final_val_acc_stderr": 0.0, "step_val_acc_99_stderr": 224.53793432428583}, "final_info_dict": {"final_train_loss": [0.001047306228429079, 0.027781957760453224, 0.0006130202091298997], "final_val_loss": [0.0013466068776324391, 0.01913837157189846, 0.0006989249377511442], "final_train_acc": [1.0, 1.0, 1.0], "final_val_acc": [1.0, 1.0, 1.0], "step_val_acc_99": [4430, 2900, 4200]}}, "x_plus_y": {"means": {"final_train_loss_mean": 0.01325390674173832, "final_val_loss_mean": 0.008692377246916294, "final_train_acc_mean": 0.9998698035875956, "final_val_acc_mean": 1.0, "step_val_acc_99_mean": 1743.3333333333333}, "stderrs": {"final_train_loss_stderr": 0.005075295035081884, "final_val_loss_stderr": 0.0028346026901389294, "final_train_acc_stderr": 6.137517739819746e-05, "final_val_acc_stderr": 0.0, "step_val_acc_99_stderr": 49.39135726865083}, "final_info_dict": {"final_train_loss": [0.0026296793948858976, 0.002346103312447667, 0.03478593751788139], "final_val_loss": [0.0029031727463006973, 0.0024581262841820717, 0.020715832710266113], "final_train_acc": [1.0, 1.0, 0.9996094107627869], "final_val_acc": [1.0, 1.0, 1.0], "step_val_acc_99": [1610, 1950, 1670]}}, "permutation": {"means": {"final_train_loss_mean": 0.005226387019471683, "final_val_loss_mean": 0.7499060190942449, "final_train_acc_mean": 0.999804695447286, "final_val_acc_mean": 0.790771484375, "step_val_acc_99_mean": 7350.0}, "stderrs": {"final_train_loss_stderr": 0.0017976919195876156, "final_val_loss_stderr": 0.32309769803722005, "final_train_acc_stderr": 9.206744908046408e-05, "final_val_acc_stderr": 0.09052715744248728, "step_val_acc_99_stderr": 70.71067811865476}, "final_info_dict": {"final_train_loss": [5.998642791382736e-06, 0.00302113126963377, 0.012652031145989895], "final_val_loss": [0.00015078700380399823, 0.13095569610595703, 2.1186115741729736], "final_train_acc": [1.0, 1.0, 0.9994140863418579], "final_val_acc": [1.0, 0.965087890625, 0.4072265625], "step_val_acc_99": [7050, 7500, 7500]}}}