{"final_train_loss": 0.00302113126963377, "final_val_loss": 0.13095569610595703, "final_train_acc": 1.0, "final_val_acc": 0.965087890625, "step_val_acc_99": 7500}