{"x_div_y": {"means": {"final_train_loss_mean": 0.010638537195821604, "final_val_loss_mean": 0.013248026371002197, "final_train_acc_mean": 1.0, "final_val_acc_mean": 1.0, "step_val_acc_99_mean": 4390.0}, "stderrs": {"final_train_loss_stderr": 0.0004668633951372215, "final_val_loss_stderr": 0.0006124683700926373, "final_train_acc_stderr": 0.0, "final_val_acc_stderr": 0.0, "step_val_acc_99_stderr": 25.96293654566205}, "final_info_dict": {"final_train_loss": [0.012193197384476662, 0.008798308670520782, 0.010924105532467365], "final_val_loss": [0.015228954143822193, 0.01080118678510189, 0.013713938184082508], "final_train_acc": [1.0, 1.0, 1.0], "final_val_acc": [1.0, 1.0, 1.0], "step_val_acc_99": [4490, 4380, 4300]}}, "x_minus_y": {"means": {"final_train_loss_mean": 0.6536923761789998, "final_val_loss_mean": 0.2602770244702697, "final_train_acc_mean": 0.8526041706403097, "final_val_acc_mean": 0.951416015625, "step_val_acc_99_mean": 4743.333333333333}, "stderrs": {"final_train_loss_stderr": 0.30081570593159224, "final_val_loss_stderr": 0.11332544809942996, "final_train_acc_stderr": 0.06948306030590151, "final_val_acc_stderr": 0.022902709872415845, "step_val_acc_99_stderr": 125.82566815015171}, "final_info_dict": {"final_train_loss": [0.010343645699322224, 0.020802438259124756, 1.9299310445785522], "final_val_loss": [0.011931915767490864, 0.02791149914264679, 0.7409876585006714], "final_train_acc": [1.0, 1.0, 0.557812511920929], "final_val_acc": [1.0, 1.0, 0.854248046875], "step_val_acc_99": [4210, 5030, 4990]}}, "x_plus_y": {"means": {"final_train_loss_mean": 0.3536577105211715, "final_val_loss_mean": 0.044696994979555406, "final_train_acc_mean": 0.9391927123069763, "final_val_acc_mean": 0.9986979166666666, "step_val_acc_99_mean": 2610.0}, "stderrs": {"final_train_loss_stderr": 0.1638747813949676, "final_val_loss_stderr": 0.018082489586547183, "final_train_acc_stderr": 0.028664830315532228, "final_val_acc_stderr": 0.0006138079697799891, "step_val_acc_99_stderr": 41.899350299921785}, "final_info_dict": {"final_train_loss": [1.0489040613174438, 0.010050437413156033, 0.002018632832914591], "final_val_loss": [0.12125058472156525, 0.010761020705103874, 0.0020793795119971037], "final_train_acc": [0.817578136920929, 1.0, 1.0], "final_val_acc": [0.99609375, 1.0, 1.0], "step_val_acc_99": [2650, 2740, 2440]}}, "permutation": {"means": {"final_train_loss_mean": 0.10879886522889137, "final_val_loss_mean": 7.966648419698079, "final_train_acc_mean": 0.983398457368215, "final_val_acc_mean": 0.010986328125, "step_val_acc_99_mean": 7500.0}, "stderrs": {"final_train_loss_stderr": 0.03503953519515223, "final_val_loss_stderr": 0.04422499145646317, "final_train_acc_stderr": 0.0076883545239352265, "final_val_acc_stderr": 0.00017580134273024797, "step_val_acc_99_stderr": 0.0}, "final_info_dict": {"final_train_loss": [0.25745299458503723, 0.033312391489744186, 0.0356312096118927], "final_val_loss": [8.087888717651367, 8.03004264831543, 7.782013893127441], "final_train_acc": [0.9507812857627869, 0.9994140863418579, 1.0], "final_val_acc": [0.010498046875, 0.0107421875, 0.01171875], "step_val_acc_99": [7500, 7500, 7500]}}}