{"final_train_loss": 1.9299310445785522, "final_val_loss": 0.7409876585006714, "final_train_acc": 0.557812511920929, "final_val_acc": 0.854248046875, "step_val_acc_99": 4990}