{"final_train_loss": 0.25745299458503723, "final_val_loss": 8.087888717651367, "final_train_acc": 0.9507812857627869, "final_val_acc": 0.010498046875, "step_val_acc_99": 7500}