{"final_train_loss": 1.0489040613174438, "final_val_loss": 0.12125058472156525, "final_train_acc": 0.817578136920929, "final_val_acc": 0.99609375, "step_val_acc_99": 2650}