{"final_train_loss": 0.033312391489744186, "final_val_loss": 8.03004264831543, "final_train_acc": 0.9994140863418579, "final_val_acc": 0.0107421875, "step_val_acc_99": 7500}