{"final_train_loss": 0.008798308670520782, "final_val_loss": 0.01080118678510189, "final_train_acc": 1.0, "final_val_acc": 1.0, "step_val_acc_99": 4380}