{"final_train_loss": 0.0356312096118927, "final_val_loss": 7.782013893127441, "final_train_acc": 1.0, "final_val_acc": 0.01171875, "step_val_acc_99": 7500}