{"final_train_loss": 0.020802438259124756, "final_val_loss": 0.02791149914264679, "final_train_acc": 1.0, "final_val_acc": 1.0, "step_val_acc_99": 5030}