{"final_train_loss": 0.010924105532467365, "final_val_loss": 0.013713938184082508, "final_train_acc": 1.0, "final_val_acc": 1.0, "step_val_acc_99": 4300}