{"final_train_loss": 0.010343645699322224, "final_val_loss": 0.011931915767490864, "final_train_acc": 1.0, "final_val_acc": 1.0, "step_val_acc_99": 4210}