{"x_div_y": {"means": {"final_train_loss_mean": 0.005446688427279393, "final_val_loss_mean": 0.005862188059836626, "final_train_acc_mean": 1.0, "final_val_acc_mean": 1.0, "step_val_acc_99_mean": 3276.6666666666665}, "stderrs": {"final_train_loss_stderr": 0.0003370737611100194, "final_val_loss_stderr": 0.0004077235297237165, "final_train_acc_stderr": 0.0, "final_val_acc_stderr": 0.0, "step_val_acc_99_stderr": 98.97000418508156}, "final_info_dict": {"final_train_loss": [0.006859835237264633, 0.004550076089799404, 0.004930153954774141], "final_val_loss": [0.00755289988592267, 0.0047000679187476635, 0.005333596374839544], "final_train_acc": [1.0, 1.0, 1.0], "final_val_acc": [1.0, 1.0, 1.0], "step_val_acc_99": [2860, 3440, 3530]}}, "x_minus_y": {"means": {"final_train_loss_mean": 0.007209831227858861, "final_val_loss_mean": 0.008234689012169838, "final_train_acc_mean": 1.0, "final_val_acc_mean": 1.0, "step_val_acc_99_mean": 3473.3333333333335}, "stderrs": {"final_train_loss_stderr": 0.00016359626047138698, "final_val_loss_stderr": 0.00020351335819906698, "final_train_acc_stderr": 0.0, "final_val_acc_stderr": 0.0, "step_val_acc_99_stderr": 88.79161344003133}, "final_info_dict": {"final_train_loss": [0.006662323605269194, 0.007114143576472998, 0.007853026501834393], "final_val_loss": [0.007622244767844677, 0.008013822138309479, 0.009068000130355358], "final_train_acc": [1.0, 1.0, 1.0], "final_val_acc": [1.0, 1.0, 1.0], "step_val_acc_99": [3830, 3190, 3400]}}, "x_plus_y": {"means": {"final_train_loss_mean": 0.008100676001049578, "final_val_loss_mean": 0.007656660978682339, "final_train_acc_mean": 1.0, "final_val_acc_mean": 1.0, "step_val_acc_99_mean": 2320.0}, "stderrs": {"final_train_loss_stderr": 0.002075448337956093, "final_val_loss_stderr": 0.0017588858051824912, "final_train_acc_stderr": 0.0, "final_val_acc_stderr": 0.0, "step_val_acc_99_stderr": 66.8331255192114}, "final_info_dict": {"final_train_loss": [0.005964040290564299, 0.0017712138360366225, 0.016566773876547813], "final_val_loss": [0.006604501511901617, 0.0017847417620941997, 0.0145807396620512], "final_train_acc": [1.0, 1.0, 1.0], "final_val_acc": [1.0, 1.0, 1.0], "step_val_acc_99": [2530, 2380, 2050]}}, "permutation": {"means": {"final_train_loss_mean": 0.04433954367414117, "final_val_loss_mean": 1.5259118682394426, "final_train_acc_mean": 0.9965494871139526, "final_val_acc_mean": 0.698486328125, "step_val_acc_99_mean": 6290.0}, "stderrs": {"final_train_loss_stderr": 0.01712653715550243, "final_val_loss_stderr": 0.7115303773774068, "final_train_acc_stderr": 0.0016265873735304371, "final_val_acc_stderr": 0.14213490800217873, "step_val_acc_99_stderr": 286.91203968902823}, "final_info_dict": {"final_train_loss": [0.11697850376367569, 0.009595760144293308, 0.006444367114454508], "final_val_loss": [4.544674873352051, 0.02115543745458126, 0.01190529391169548], "final_train_acc": [0.9896484613418579, 1.0, 1.0], "final_val_acc": [0.095458984375, 1.0, 1.0], "step_val_acc_99": [7500, 5570, 5800]}}}