{"final_train_loss": 0.007114143576472998, "final_val_loss": 0.008013822138309479, "final_train_acc": 1.0, "final_val_acc": 1.0, "step_val_acc_99": 3190}