{"final_train_loss": 0.004550076089799404, "final_val_loss": 0.0047000679187476635, "final_train_acc": 1.0, "final_val_acc": 1.0, "step_val_acc_99": 3440}