{"final_train_loss": 0.009595760144293308, "final_val_loss": 0.02115543745458126, "final_train_acc": 1.0, "final_val_acc": 1.0, "step_val_acc_99": 5570}