{"final_train_loss": 0.11697850376367569, "final_val_loss": 4.544674873352051, "final_train_acc": 0.9896484613418579, "final_val_acc": 0.095458984375, "step_val_acc_99": 7500}