{"final_train_loss": 0.006859835237264633, "final_val_loss": 0.00755289988592267, "final_train_acc": 1.0, "final_val_acc": 1.0, "step_val_acc_99": 2860}