{"final_train_loss": 0.016566773876547813, "final_val_loss": 0.0145807396620512, "final_train_acc": 1.0, "final_val_acc": 1.0, "step_val_acc_99": 2050}