{"final_train_loss": 0.0017712138360366225, "final_val_loss": 0.0017847417620941997, "final_train_acc": 1.0, "final_val_acc": 1.0, "step_val_acc_99": 2380}